URL,Name,Fuel Economy,Price,Transmission,Exterior Color,Interior Color,Body/Seating,Drivetrain,Engine,Stock #,Location,VIN,Contact #
https://www.parkplace.com//new/Porsche/2020-Porsche-Macan-dallas+fort+worth-44831cf90a0e0a1772e80b105d28095d.htm ,Macan  AWD,19.0/23.0 mpg City/Hwy,"$61,370",7 speed automatic with auto-shift,White,Black,AWD/5 seats,all-wheel drive,2.0 L 4,LLB00662,Porsche - Dallas,WP1AA2A56LLB00662,(866) 364-1132
https://www.parkplace.com//new/Porsche/2020-Porsche-Macan-dallas+fort+worth-87290cdd0a0e0ae86ad90d28fc6e170d.htm ,Macan  AWD,19.0/23.0 mpg City/Hwy,"$65,690",7 speed automatic with auto-shift,White,Black,AWD/5 seats,all-wheel drive,2.0 L 4,LLB02282,Porsche - Dallas,WP1AA2A56LLB02282,(866) 364-1132
https://www.parkplace.com//new/Porsche/2020-Porsche-Macan-dallas+fort+worth-f1a7caa60a0e0adf1ea85fd30cb6ec91.htm ,Macan S S AWD,18.0/23.0 mpg City/Hwy,"$67,660",7 speed automatic with auto-shift,Black,Black,S AWD/5 seats,all-wheel drive,3.0 L 6,LLB35255,Porsche - Grapevine,WP1AB2A57LLB35255,(833) 470-0671
https://www.parkplace.com//new/Porsche/2019-Porsche-Macan-dallas+fort+worth-a53d57600a0e0aea0d1bb2d807e11ad6.htm ,Macan  AWD,19.0/23.0 mpg City/Hwy,"$67,930",7 speed automatic with auto-shift,Red,Black,AWD/5 seats,all-wheel drive,2.0 L 4,KLB07837,Porsche - Dallas,WP1AA2A58KLB07837,(866) 364-1132
https://www.parkplace.com//new/Porsche/2020-Porsche-Macan-dallas+fort+worth-448318e70a0e0a1772e80b10d7530aef.htm ,Macan S S AWD,18.0/23.0 mpg City/Hwy,"$67,820",7 speed automatic with auto-shift,Silver,Black,S AWD/5 seats,all-wheel drive,3.0 L 6,LLB30157,Porsche - Dallas,WP1AB2A54LLB30157,(866) 364-1132
https://www.parkplace.com//new/Porsche/2020-Porsche-Macan-dallas+fort+worth-06651e9d0a0e0adf793cc04aef73be8a.htm ,Macan  AWD,19.0/23.0 mpg City/Hwy,"$66,160",7 speed automatic with auto-shift,White,Black Mojave Beige,AWD/5 seats,all-wheel drive,2.0 L 4,LLB00014,Porsche - Grapevine,WP1AA2A54LLB00014,(833) 470-0671
https://www.parkplace.com//new/Porsche/2020-Porsche-Macan-dallas+fort+worth-8e28f3dc0a0e0adf5913ef058c88c14c.htm ,Macan  AWD,19.0/23.0 mpg City/Hwy,"$69,470",7 speed automatic with auto-shift,Carmine Red,Black,AWD/5 seats,all-wheel drive,2.0 L 4,LLB02002,Porsche - Grapevine,WP1AA2A57LLB02002,(833) 470-0671
https://www.parkplace.com//new/Porsche/2020-Porsche-Macan-dallas+fort+worth-5c6d69d00a0e0ae8703b023669e4818a.htm ,Macan  AWD,19.0/23.0 mpg City/Hwy,"$65,110",7 speed automatic with auto-shift,Black,Black,AWD/5 seats,all-wheel drive,2.0 L 4,LLB03321,Porsche - Dallas,WP1AA2A56LLB03321,(866) 364-1132
https://www.parkplace.com//new/Porsche/2020-Porsche-Macan-dallas+fort+worth-06655b930a0e0aea6cfef0cd9f4456d0.htm ,Macan  AWD,19.0/23.0 mpg City/Hwy,"$65,060",7 speed automatic with auto-shift,Silver,Black,AWD/5 seats,all-wheel drive,2.0 L 4,LLB00291,Porsche - Dallas,WP1AA2A58LLB00291,(866) 364-1132
https://www.parkplace.com//new/Porsche/2020-Porsche-Macan-dallas+fort+worth-f1a7cdad0a0e0adf1ea85fd3c35aee6f.htm ,Macan  AWD,19.0/23.0 mpg City/Hwy,"$64,890",7 speed automatic with auto-shift,Black,Black,AWD/5 seats,all-wheel drive,2.0 L 4,LLB05257,Porsche - Dallas,WP1AA2A50LLB05257,(866) 364-1132
https://www.parkplace.com//new/Porsche/2020-Porsche-Macan-dallas+fort+worth-cd9b47180a0e0ae84c7f6b0d51c7121c.htm ,Macan  AWD,19.0/23.0 mpg City/Hwy,"$63,480",7 speed automatic with auto-shift,Black,Black,AWD/5 seats,all-wheel drive,2.0 L 4,LLB04588,Porsche - Dallas,WP1AA2A57LLB04588,(866) 364-1132
https://www.parkplace.com//new/Porsche/2020-Porsche-Macan-dallas+fort+worth-a4169d760a0e0ae71e4d0d97efea0ff4.htm ,Macan  AWD,19.0/23.0 mpg City/Hwy,"$69,620",7 speed automatic with auto-shift,Black,Black Mojave Beige,AWD/5 seats,all-wheel drive,2.0 L 4,LLB04343,Porsche - Grapevine,WP1AA2A5XLLB04343,(833) 470-0671
https://www.parkplace.com//new/Porsche/2020-Porsche-Macan-dallas+fort+worth-20233b460a0e0a6b1ad9e1bcc76afe29.htm ,Macan  AWD,19.0/23.0 mpg City/Hwy,"$61,480",7 speed automatic with auto-shift,White,Black,AWD/5 seats,all-wheel drive,2.0 L 4,LLB00911,Porsche - Dallas,WP1AA2A51LLB00911,(866) 364-1132
https://www.parkplace.com//new/Porsche/2020-Porsche-Macan-dallas+fort+worth-f1a7cf570a0e0adf1ea85fd3c94c6687.htm ,Macan  AWD,19.0/23.0 mpg City/Hwy,"$71,110",7 speed automatic with auto-shift,Gray,Black,AWD/5 seats,all-wheel drive,2.0 L 4,LLB04890,Porsche - Dallas,WP1AA2A56LLB04890,(866) 364-1132
https://www.parkplace.com//new/Porsche/2020-Porsche-Macan-dallas+fort+worth-2d2ae24d0a0e0adf668239fe90e136fc.htm ,Macan  AWD,19.0/23.0 mpg City/Hwy,"$70,820",7 speed automatic with auto-shift,White,Black Mojave Beige,AWD/5 seats,all-wheel drive,2.0 L 4,LLB02794,Porsche - Grapevine,WP1AA2A50LLB02794,(833) 470-0671
https://www.parkplace.com//new/Porsche/2020-Porsche-Macan-dallas+fort+worth-f1a7cbd30a0e0adf1ea85fd384285654.htm ,Macan  AWD,19.0/23.0 mpg City/Hwy,"$70,650",7 speed automatic with auto-shift,White,Black Mojave Beige,AWD/5 seats,all-wheel drive,2.0 L 4,LLB04880,Porsche - Grapevine,WP1AA2A53LLB04880,(833) 470-0671
https://www.parkplace.com//new/Porsche/2020-Porsche-Macan-dallas+fort+worth-f1a7cb820a0e0adf1ea85fd34741b9e7.htm ,Macan  AWD,19.0/23.0 mpg City/Hwy,"$70,850",7 speed automatic with auto-shift,Volcano Grey Metallic,Black,AWD/5 seats,all-wheel drive,2.0 L 4,LLB04789,Porsche - Grapevine,WP1AA2A56LLB04789,(833) 470-0671
https://www.parkplace.com//new/Porsche/2020-Porsche-Macan-dallas+fort+worth-f1a7ce640a0e0adf1ea85fd369f9ce10.htm ,Macan  AWD,19.0/23.0 mpg City/Hwy,"$70,620",7 speed automatic with auto-shift,Gray,Black,AWD/5 seats,all-wheel drive,2.0 L 4,LLB04807,Porsche - Dallas,WP1AA2A54LLB04807,(866) 364-1132
https://www.parkplace.com//new/Porsche/2020-Porsche-Macan-dallas+fort+worth-cbcaebd00a0e0a17402ff7e5a47f079e.htm ,Macan  AWD,19.0/23.0 mpg City/Hwy,"$70,590",7 speed automatic with auto-shift,Dolomite Silver Metallic,Black,AWD/5 seats,all-wheel drive,2.0 L 4,LLB03592,Porsche - Grapevine,WP1AA2A54LLB03592,(833) 470-0671
https://www.parkplace.com//new/Porsche/2019-Porsche-718+Cayman-dallas+fort+worth-a53d57aa0a0e0aea0d1bb2d8d563e69c.htm ,718 Cayman  Coupe,21.0/28.0 mpg City/Hwy,"$70,530",6 speed manual,White,Black,Coupe/2 seats,rear-wheel,2.0 L 4,KS260817,Porsche - Dallas,WP0AA2A88KS260817,(866) 364-1132
https://www.parkplace.com//new/Porsche/2020-Porsche-Macan-dallas+fort+worth-c6a491d30a0e0a17402ff7e5ea544154.htm ,Macan  AWD,19.0/23.0 mpg City/Hwy,"$70,220",7 speed automatic with auto-shift,Carrara White Metallic,Black Mojave Beige,AWD/5 seats,all-wheel drive,2.0 L 4,LLB03541,Porsche - Grapevine,WP1AA2A59LLB03541,(833) 470-0671
https://www.parkplace.com//new/Porsche/2020-Porsche-Macan-dallas+fort+worth-fba2f6320a0e0ae71e4d0d973664c843.htm ,Macan  AWD,19.0/23.0 mpg City/Hwy,"$70,540",7 speed automatic with auto-shift,Silver,Black,AWD/5 seats,all-wheel drive,2.0 L 4,LLB04819,Porsche - Dallas,WP1AA2A50LLB04819,(866) 364-1132
https://www.parkplace.com//new/Porsche/2019-Porsche-Macan-dallas+fort+worth-a53d54080a0e0aea0d1bb2d8114bbd5c.htm ,Macan S S AWD,18.0/23.0 mpg City/Hwy,"$74,770",7 speed automatic with auto-shift,White,Gray,S AWD/5 seats,all-wheel drive,3.0 L 6,KLB33567,Porsche - Dallas,WP1AB2A57KLB33567,(866) 364-1132
https://www.parkplace.com//new/Porsche/2019-Porsche-718+Boxster-dallas+fort+worth-a53d60930a0e0aea0d1bb2d8ac0cac1c.htm ,718 Boxster  Roadster,21.0/28.0 mpg City/Hwy,"$70,460",6 speed manual,Black,Black,Roadster/2 seats,rear-wheel,2.0 L 4,KS211061,Porsche - Dallas,WP0CA2A88KS211061,(866) 364-1132
https://www.parkplace.com//new/Porsche/2020-Porsche-Macan-dallas+fort+worth-fba2f5100a0e0ae71e4d0d9750eed6c8.htm ,Macan  AWD,19.0/23.0 mpg City/Hwy,"$71,110",7 speed automatic with auto-shift,Black,Black,AWD/5 seats,all-wheel drive,2.0 L 4,LLB04851,Porsche - Dallas,WP1AA2A57LLB04851,(866) 364-1132
https://www.parkplace.com//new/Porsche/2020-Porsche-Macan-dallas+fort+worth-f1a7cd810a0e0adf1ea85fd38c541db2.htm ,Macan  AWD,19.0/23.0 mpg City/Hwy,"$70,410",7 speed automatic with auto-shift,White,Black,AWD/5 seats,all-wheel drive,2.0 L 4,LLB04809,Porsche - Dallas,WP1AA2A58LLB04809,(866) 364-1132
https://www.parkplace.com//new/Porsche/2019-Porsche-718+Boxster-dallas+fort+worth-9bcc69e70a0e0a177a5193253fe99851.htm ,718 Boxster  Roadster,22.0/29.0 mpg City/Hwy,"$74,580",7 speed automatic with auto-shift,Black,Black Chalk,Roadster/2 seats,rear-wheel,2.0 L 4,KS210572,Porsche - Grapevine,WP0CA2A86KS210572,(833) 470-0671
https://www.parkplace.com//new/Porsche/2020-Porsche-Macan-dallas+fort+worth-44831d450a0e0a1772e80b1031c62263.htm ,Macan S S AWD,18.0/23.0 mpg City/Hwy,"$74,740",7 speed automatic with auto-shift,Gray,Black,S AWD/5 seats,all-wheel drive,3.0 L 6,LLB30628,Porsche - Dallas,WP1AB2A56LLB30628,(866) 364-1132
https://www.parkplace.com//new/Porsche/2020-Porsche-Cayenne-dallas+fort+worth-631240b80a0e0ae7370e1c368fb3a893.htm ,Cayenne  AWD,19.0/23.0 mpg City/Hwy,"$74,110",8 speed automatic,White,Black,AWD/5 seats,all-wheel drive,3.0 L 6,LDA01170,Porsche - Dallas,WP1AA2AYXLDA01170,(866) 364-1132
https://www.parkplace.com//new/Porsche/2020-Porsche-Macan-dallas+fort+worth-f1a7cbac0a0e0adf1ea85fd32a193bb9.htm ,Macan  AWD,19.0/23.0 mpg City/Hwy,"$73,240",7 speed automatic with auto-shift,Volcano Grey Metallic,Black Mojave Beige,AWD/5 seats,all-wheel drive,2.0 L 4,LLB04830,Porsche - Grapevine,WP1AA2A5XLLB04830,(833) 470-0671
https://www.parkplace.com//new/Porsche/2019-Porsche-718+Boxster-dallas+fort+worth-a53d6bf40a0e0aea0d1bb2d86ca48a83.htm ,718 Boxster  Roadster,21.0/28.0 mpg City/Hwy,"$72,390",6 speed manual,Black,Other,Roadster/2 seats,rear-wheel,2.0 L 4,KS211390,Porsche - Dallas,WP0CA2A85KS211390,(866) 364-1132
https://www.parkplace.com//new/Porsche/2020-Porsche-Macan-dallas+fort+worth-dcbd0d540a0e0ae84c7f6b0d92b99d6e.htm ,Macan S S AWD,18.0/23.0 mpg City/Hwy,"$71,710",7 speed automatic with auto-shift,White,Other,S AWD/5 seats,all-wheel drive,3.0 L 6,LLB35052,Porsche - Dallas,WP1AB2A54LLB35052,(866) 364-1132
https://www.parkplace.com//new/Porsche/2020-Porsche-Macan-dallas+fort+worth-f1a7cc750a0e0adf1ea85fd3e729eb69.htm ,Macan  AWD,19.0/23.0 mpg City/Hwy,"$71,890",7 speed automatic with auto-shift,White,Black,AWD/5 seats,all-wheel drive,2.0 L 4,LLB04788,Porsche - Grapevine,WP1AA2A54LLB04788,(833) 470-0671
https://www.parkplace.com//new/Porsche/2020-Porsche-Macan-dallas+fort+worth-6b700bd20a0e0a171983e9bdac6ffb05.htm ,Macan S S AWD,18.0/23.0 mpg City/Hwy,"$73,190",7 speed automatic with auto-shift,White,Black,S AWD/5 seats,all-wheel drive,3.0 L 6,LLB34361,Porsche - Dallas,WP1AB2A51LLB34361,(866) 364-1132
https://www.parkplace.com//new/Porsche/2020-Porsche-Macan-dallas+fort+worth-88d94b3e0a0e0ae8703b02367e650671.htm ,Macan  AWD,19.0/23.0 mpg City/Hwy,"$71,560",7 speed automatic with auto-shift,Chalk,Black Mojave Beige,AWD/5 seats,all-wheel drive,2.0 L 4,LLB03501,Porsche - Grapevine,WP1AA2A58LLB03501,(833) 470-0671
https://www.parkplace.com//new/Porsche/2020-Porsche-Macan-dallas+fort+worth-a4169e030a0e0ae71e4d0d9734f9c345.htm ,Macan  AWD,19.0/23.0 mpg City/Hwy,"$71,500",7 speed automatic with auto-shift,Carrara White Metallic,Black Mojave Beige,AWD/5 seats,all-wheel drive,2.0 L 4,LLB04277,Porsche - Grapevine,WP1AA2A51LLB04277,(833) 470-0671
https://www.parkplace.com//new/Porsche/2020-Porsche-Macan-dallas+fort+worth-44831a930a0e0a1772e80b106093fcf8.htm ,Macan S S AWD,18.0/23.0 mpg City/Hwy,"$75,420",7 speed automatic with auto-shift,Silver,Black,S AWD/5 seats,all-wheel drive,3.0 L 6,LLB30744,Porsche - Dallas,WP1AB2A58LLB30744,(866) 364-1132
https://www.parkplace.com//new/Porsche/2019-Porsche-718+Boxster-dallas+fort+worth-623b0f450a0e0a176228855d4daf573a.htm ,718 Boxster  Roadster,21.0/28.0 mpg City/Hwy,"$80,220",6 speed manual,White,Other,Roadster/2 seats,rear-wheel,2.0 L 4,KS211335,Porsche - Dallas,WP0CA2A88KS211335,(866) 364-1132
https://www.parkplace.com//new/Porsche/2020-Porsche-Macan-dallas+fort+worth-3f074c7c0a0e0a17248c1aa462d1e2a1.htm ,Macan S S AWD,18.0/23.0 mpg City/Hwy,"$78,080",7 speed automatic with auto-shift,Carmine Red,Black,S AWD/5 seats,all-wheel drive,3.0 L 6,LLB31659,Porsche - Grapevine,WP1AB2A50LLB31659,(833) 470-0671
https://www.parkplace.com//new/Porsche/2019-Porsche-718+Boxster-dallas+fort+worth-a53d56cf0a0e0aea0d1bb2d84da0566a.htm ,718 Boxster  Roadster,21.0/28.0 mpg City/Hwy,"$81,330",6 speed manual,Black,Black,Roadster/2 seats,rear-wheel,2.0 L 4,KS211367,Porsche - Dallas,WP0CA2A8XKS211367,(866) 364-1132
https://www.parkplace.com//new/Porsche/2019-Porsche-718+Cayman-dallas+fort+worth-a53d5e920a0e0aea0d1bb2d8ad86c624.htm ,718 Cayman  Coupe,21.0/28.0 mpg City/Hwy,"$77,060",6 speed manual,White,Blue,Coupe/2 seats,rear-wheel,2.0 L 4,KS260496,Porsche - Dallas,WP0AA2A83KS260496,(866) 364-1132
https://www.parkplace.com//new/Porsche/2020-Porsche-Macan-dallas+fort+worth-b05a19800a0e0adf419d8d4746471816.htm ,Macan S S AWD,18.0/23.0 mpg City/Hwy,"$78,250",7 speed automatic with auto-shift,Gray,Black,S AWD/5 seats,all-wheel drive,3.0 L 6,LLB32583,Porsche - Dallas,WP1AB2A59LLB32583,(866) 364-1132
https://www.parkplace.com//new/Porsche/2020-Porsche-Macan-dallas+fort+worth-5bfcf66a0a0e0a171983e9bd5186a3a8.htm ,Macan S S AWD,18.0/23.0 mpg City/Hwy,"$76,900",7 speed automatic with auto-shift,Miami Blue,Black,S AWD/5 seats,all-wheel drive,3.0 L 6,LLB34408,Porsche - Grapevine,WP1AB2A51LLB34408,(833) 470-0671
https://www.parkplace.com//new/Porsche/2020-Porsche-Macan-dallas+fort+worth-24d6b7890a0e0ae75e00143f24f2fd80.htm ,Macan S S AWD,18.0/23.0 mpg City/Hwy,"$76,540",7 speed automatic with auto-shift,Gray,Black,S AWD/5 seats,all-wheel drive,3.0 L 6,LLB35248,Porsche - Dallas,WP1AB2A5XLLB35248,(866) 364-1132
https://www.parkplace.com//new/Porsche/2020-Porsche-Cayenne-dallas+fort+worth-495a69a00a0e0adf41c719471c307a67.htm ,Cayenne  AWD,19.0/23.0 mpg City/Hwy,"$75,990",8 speed automatic,Black,Black,AWD/5 seats,all-wheel drive,3.0 L 6,LDA01173,Porsche - Dallas,WP1AA2AY5LDA01173,(866) 364-1132
https://www.parkplace.com//new/Porsche/2020-Porsche-Macan-dallas+fort+worth-b05a19990a0e0adf419d8d47fef0a1fb.htm ,Macan S S AWD,18.0/23.0 mpg City/Hwy,"$75,540",7 speed automatic with auto-shift,White,Black,S AWD/5 seats,all-wheel drive,3.0 L 6,LLB32610,Porsche - Dallas,WP1AB2A58LLB32610,(866) 364-1132
https://www.parkplace.com//new/Porsche/2020-Porsche-Macan-dallas+fort+worth-74a819680a0e0ae74d6d6b15544aa65a.htm ,Macan S S AWD,18.0/23.0 mpg City/Hwy,"$77,460",7 speed automatic with auto-shift,Chalk,Black Garnet Red,S AWD/5 seats,all-wheel drive,3.0 L 6,LLB33568,Porsche - Grapevine,WP1AB2A57LLB33568,(833) 470-0671
https://www.parkplace.com//new/Porsche/2020-Porsche-Macan-dallas+fort+worth-f4fdc84e0a0e0a174295f2aba3fe500d.htm ,Macan S S AWD,18.0/23.0 mpg City/Hwy,"$75,960",7 speed automatic with auto-shift,Blue,Black,S AWD/5 seats,all-wheel drive,3.0 L 6,LLB34223,Porsche - Dallas,WP1AB2A50LLB34223,(866) 364-1132
https://www.parkplace.com//new/Porsche/2020-Porsche-Macan-dallas+fort+worth-cd9b47d20a0e0ae84c7f6b0d507aa761.htm ,Macan S S AWD,18.0/23.0 mpg City/Hwy,"$87,000",7 speed automatic with auto-shift,Silver,Black,S AWD/5 seats,all-wheel drive,3.0 L 6,LLB34739,Porsche - Dallas,WP1AB2A52LLB34739,(866) 364-1132
https://www.parkplace.com//new/Porsche/2019-Porsche-718+Cayman-dallas+fort+worth-a53d65af0a0e0aea0d1bb2d8653113e8.htm ,718 Cayman S Coupe,20.0/26.0 mpg City/Hwy,"$81,870",6 speed manual,Blue,Black,Coupe/2 seats,rear-wheel,2.5 L 4,KS279000,Porsche - Dallas,WP0AB2A83KS279000,(866) 364-1132
https://www.parkplace.com//new/Porsche/2020-Porsche-Cayenne-dallas+fort+worth-612581f80a0e0a171983e9bddee95b1d.htm ,Cayenne  AWD,19.0/23.0 mpg City/Hwy,"$84,020",8 speed automatic,Carrara White Metallic,Black,AWD/5 seats,all-wheel drive,3.0 L 6,LDA01294,Porsche - Grapevine,WP1AA2AY6LDA01294,(833) 470-0671
https://www.parkplace.com//new/Porsche/2020-Porsche-Cayenne-dallas+fort+worth-984c800b0a0e0ae7498f7e893178b51c.htm ,Cayenne  AWD,19.0/23.0 mpg City/Hwy,"$85,990",8 speed automatic,Quartzite Grey Metallic,Slate Grey Mojave Beige,AWD/5 seats,all-wheel drive,3.0 L 6,LDA02363,Porsche - Grapevine,WP1AA2AY4LDA02363,(833) 470-0671
https://www.parkplace.com//new/Porsche/2020-Porsche-Cayenne-dallas+fort+worth-24d6c2bb0a0e0ae75e00143fc2d8c5f1.htm ,Cayenne  AWD,19.0/23.0 mpg City/Hwy,"$85,140",8 speed automatic,Silver,Black,AWD/5 seats,all-wheel drive,3.0 L 6,LDA04433,Porsche - Dallas,WP1AA2AY9LDA04433,(866) 364-1132
https://www.parkplace.com//new/Porsche/2020-Porsche-Cayenne-dallas+fort+worth-69f7d83a0a0e0a6b098e46abd551bdbe.htm ,Cayenne  AWD,19.0/23.0 mpg City/Hwy,"$85,110",8 speed automatic,Black,Black,AWD/5 seats,all-wheel drive,3.0 L 6,LDA02287,Porsche - Grapevine,WP1AA2AY3LDA02287,(833) 470-0671
https://www.parkplace.com//new/Porsche/2020-Porsche-Cayenne-dallas+fort+worth-ae62ef4e0a0e0a6b4da79abd58b18aa3.htm ,Cayenne  AWD,19.0/23.0 mpg City/Hwy,"$84,480",8 speed automatic,Blue,Other,AWD/5 seats,all-wheel drive,3.0 L 6,LDA03661,Porsche - Dallas,WP1AA2AY6LDA03661,(866) 364-1132
https://www.parkplace.com//new/Porsche/2019-Porsche-718+Boxster-dallas+fort+worth-a53d66ef0a0e0aea0d1bb2d828719823.htm ,718 Boxster S Roadster,20.0/26.0 MPG_CITY_HWY,"$84,190",6 speed manual,Black,Black,Roadster/2 SEATS,rear-wheel,2.5 L 4,KS228507,Porsche - Dallas,WP0CB2A81KS228507,(866) 364-1132
https://www.parkplace.com//new/Porsche/2020-Porsche-Cayenne-dallas+fort+worth-a4169d490a0e0ae71e4d0d9781b9de5a.htm ,Cayenne  AWD,19.0/23.0 mpg City/Hwy,"$87,020",8 speed automatic,Dolomite Silver Metallic,Black,AWD/5 seats,all-wheel drive,3.0 L 6,LDA03532,Porsche - Grapevine,WP1AA2AY6LDA03532,(833) 470-0671
https://www.parkplace.com//new/Porsche/2020-Porsche-Cayenne-dallas+fort+worth-fba2f6960a0e0ae71e4d0d97284e9a02.htm ,Cayenne  AWD,19.0/23.0 mpg City/Hwy,"$83,170",8 speed automatic,Blue,Black,AWD/5 seats,all-wheel drive,3.0 L 6,LDA04454,Porsche - Dallas,WP1AA2AY6LDA04454,(866) 364-1132
https://www.parkplace.com//new/Porsche/2019-Porsche-Cayenne-dallas+fort+worth-a53d6c0f0a0e0aea0d1bb2d8c7017976.htm ,Cayenne  AWD,19.0/23.0 mpg City/Hwy,"$83,480",8 speed automatic,Blue,Black,AWD/5 seats,all-wheel drive,3.0 L 6,KDA00032,Porsche - Dallas,WP1AA2AY6KDA00032,(866) 364-1132
https://www.parkplace.com//new/Porsche/2019-Porsche-718+Boxster-dallas+fort+worth-a53d4eaf0a0e0aea0d1bb2d85395494e.htm ,718 Boxster  Roadster,21.0/28.0 mpg City/Hwy,"$82,100",6 speed manual,Silver,Black,Roadster/2 seats,rear-wheel,2.0 L 4,KS211369,Porsche - Dallas,WP0CA2A83KS211369,(866) 364-1132
https://www.parkplace.com//new/Porsche/2020-Porsche-Macan-dallas+fort+worth-a93c9b320a0e0ae71e4d0d979dac92a5.htm ,Macan S S AWD,18.0/23.0 mpg City/Hwy,"$82,300",7 speed automatic with auto-shift,Black,Other,S AWD/5 seats,all-wheel drive,3.0 L 6,LLB34673,Porsche - Dallas,WP1AB2A59LLB34673,(866) 364-1132
https://www.parkplace.com//new/Porsche/2019-Porsche-718+Boxster-dallas+fort+worth-a53d52ba0a0e0aea0d1bb2d86fafcdfd.htm ,718 Boxster GTS Roadster,19.0/25.0 mpg City/Hwy,"$92,220",6 speed manual,Red,Black,Roadster/2 seats,rear-wheel,2.5 L 4,KS228985,Porsche - Dallas,WP0CB2A84KS228985,(866) 364-1132
https://www.parkplace.com//new/Porsche/2019-Porsche-718+Cayman-dallas+fort+worth-9bcc62530a0e0a177a5193259156af00.htm ,718 Cayman S Coupe,21.0/28.0 mpg City/Hwy,"$91,220",7 speed automatic with auto-shift,Jet Black Metallic,Black,Coupe/2 seats,rear-wheel,2.5 L 4,KS278690,Porsche - Grapevine,WP0AB2A85KS278690,(833) 470-0671
https://www.parkplace.com//new/Porsche/2020-Porsche-Cayenne-dallas+fort+worth-f1a7cc980a0e0adf1ea85fd3415f7f2e.htm ,Cayenne  AWD,19.0/23.0 mpg City/Hwy,"$95,330",8 speed automatic,White,Graphite Blue Chalk,AWD/5 seats,all-wheel drive,3.0 L 6,LDA04360,Porsche - Grapevine,WP1AA2AY8LDA04360,(833) 470-0671
https://www.parkplace.com//new/Porsche/2020-Porsche-Cayenne-dallas+fort+worth-cd9b457a0a0e0adf1ea85fd3c1cb0e04.htm ,Cayenne  AWD,19.0/23.0 mpg City/Hwy,"$89,910",8 speed automatic,Dolomite Silver Metallic,Black Bordeaux Red,AWD/5 seats,all-wheel drive,3.0 L 6,LDA04060,Porsche - Grapevine,WP1AA2AY7LDA04060,(833) 470-0671
https://www.parkplace.com//new/Porsche/2019-Porsche-718+Cayman-dallas+fort+worth-a53d63460a0e0aea0d1bb2d861917c07.htm ,718 Cayman S Coupe,20.0/26.0 mpg City/Hwy,"$90,270",6 speed manual,Silver,Black,Coupe/2 seats,rear-wheel,2.5 L 4,KS278784,Porsche - Dallas,WP0AB2A83KS278784,(866) 364-1132
https://www.parkplace.com//new/Porsche/2020-Porsche-Cayenne-dallas+fort+worth-ae62f0d00a0e0a6b4da79abd95e6decb.htm ,Cayenne  AWD,19.0/23.0 mpg City/Hwy,"$89,460",8 speed automatic,White,Other,AWD/5 seats,all-wheel drive,3.0 L 6,LDA03562,Porsche - Dallas,WP1AA2AY4LDA03562,(866) 364-1132
https://www.parkplace.com//new/Porsche/2020-Porsche-Cayenne-dallas+fort+worth-cd9b451d0a0e0adf1ea85fd3f8af35df.htm ,Cayenne  AWD,19.0/23.0 mpg City/Hwy,"$89,720",8 speed automatic,Carrara White Metallic,Black Mojave Beige,AWD/5 seats,all-wheel drive,3.0 L 6,LDA03493,Porsche - Grapevine,WP1AA2AY0LDA03493,(833) 470-0671
https://www.parkplace.com//new/Porsche/2020-Porsche-Cayenne-dallas+fort+worth-ee9fb2e40a0e0ae71e4d0d97246b50f5.htm ,Cayenne  AWD,19.0/23.0 mpg City/Hwy,"$89,750",8 speed automatic,Chalk,Black,AWD/5 seats,all-wheel drive,3.0 L 6,LDA04308,Porsche - Grapevine,WP1AA2AY6LDA04308,(833) 470-0671
https://www.parkplace.com//new/Porsche/2020-Porsche-Cayenne-dallas+fort+worth-54cfb7ad0a0e0a6b739386e72a60613c.htm ,Cayenne  AWD,19.0/23.0 mpg City/Hwy,"$89,310",8 speed automatic,White,Black Mojave Beige,AWD/5 seats,all-wheel drive,3.0 L 6,LDA00239,Porsche - Grapevine,WP1AA2AY4LDA00239,(833) 470-0671
https://www.parkplace.com//new/Porsche/2019-Porsche-718+Boxster-dallas+fort+worth-a53d4d740a0e0aea0d1bb2d8371fc5d1.htm ,718 Boxster GTS Roadster,19.0/25.0 mpg City/Hwy,"$89,320",6 speed manual,Red,Black,Roadster/2 seats,rear-wheel,2.5 L 4,KS228974,Porsche - Dallas,WP0CB2A8XKS228974,(866) 364-1132
https://www.parkplace.com//new/Porsche/2020-Porsche-Cayenne-dallas+fort+worth-a4169e260a0e0ae71e4d0d9742236441.htm ,Cayenne  AWD,19.0/23.0 MPG_CITY_HWY,"$88,530",8 speed automatic,Black,Black Mojave Beige,AWD/5 SEATS,all-wheel drive,3.0 L 6,LDA03477,Porsche - Grapevine,WP1AA2AY2LDA03477,(833) 470-0671
https://www.parkplace.com//new/Porsche/2020-Porsche-Panamera-dallas+fort+worth-ae62f0f80a0e0a6b4da79abd853b2f1e.htm ,Panamera 4 RWD,19.0/27.0 mpg City/Hwy,"$108,650",8 speed automatic with auto-shift,Silver,Other,RWD/4 seats,rear-wheel,3.0 L 6,LL101840,Porsche - Dallas,WP0AA2A75LL101840,(866) 364-1132
https://www.parkplace.com//new/Porsche/2020-Porsche-Panamera-dallas+fort+worth-65a5d8e70a0e0ae74d6d6b15b611bd21.htm ,Panamera RWD RWD,19.0/27.0 MPG_CITY_HWY,"$106,680",8 speed automatic with auto-shift,Carmine Red,Black,RWD/4 SEATS,rear-wheel,3.0 L 6,LL100988,Porsche - Grapevine,WP0AA2A7XLL100988,(833) 470-0671
https://www.parkplace.com//new/Porsche/2020-Porsche-Cayenne-dallas+fort+worth-396eded70a0e0ae840f43271df3c53a5.htm ,Cayenne S S AWD,18.0/22.0 mpg City/Hwy,"$105,150",8 speed automatic,Moonlight Blue Metallic,Black Mojave Beige,S AWD/5 seats,all-wheel drive,2.9 L 6,LDA28053,Porsche - Grapevine,WP1AB2AY2LDA28053,(833) 470-0671
https://www.parkplace.com//new/Porsche/2020-Porsche-Cayenne-dallas+fort+worth-f1a7cf1c0a0e0adf1ea85fd3d5ede968.htm ,Cayenne S S AWD,18.0/22.0 mpg City/Hwy,"$104,390",8 speed automatic,Blue,Black,S AWD/5 seats,all-wheel drive,2.9 L 6,LDA27850,Porsche - Dallas,WP1AB2AY1LDA27850,(866) 364-1132
https://www.parkplace.com//new/Porsche/2020-Porsche-Macan-dallas+fort+worth-65a5e3500a0e0ae8703b02367313ce63.htm ,Macan S S AWD,18.0/23.0 MPG_CITY_HWY,"$103,970",7 speed automatic with auto-shift,Custom,Espresso,S AWD/5 SEATS,all-wheel drive,3.0 L 6,LLB33397,Porsche - Dallas,WP1AB2A56LLB33397,(866) 364-1132
https://www.parkplace.com//new/Porsche/2020-Porsche-Panamera-dallas+fort+worth-8728f2490a0e0ae86ad90d28e5e1829d.htm ,Panamera 4 ,N/A,"$103,350",N/A,White,Black,N/A,N/A,6,LL100034,Porsche - Dallas,WP0AA2A76LL100034,(866) 364-1132
https://www.parkplace.com//new/Porsche/2020-Porsche-Panamera-dallas+fort+worth-fa2499f90a0e0ae73fbd571cbdee5af1.htm ,Panamera RWD RWD,19.0/27.0 mpg City/Hwy,"$103,970",8 speed automatic with auto-shift,Black,Black,RWD/4 seats,rear-wheel,3.0 L 6,LL101667,Porsche - Grapevine,WP0AA2A76LL101667,(833) 470-0671
https://www.parkplace.com//new/Porsche/2020-Porsche-Panamera-dallas+fort+worth-9693ab540a0e0a1776d4d626b03faefc.htm ,Panamera RWD RWD,19.0/27.0 mpg City/Hwy,"$103,020",8 speed automatic with auto-shift,White,Black Luxor Beige,RWD/4 seats,rear-wheel,3.0 L 6,LL100010,Porsche - Grapevine,WP0AA2A73LL100010,(833) 470-0671
https://www.parkplace.com//new/Porsche/2020-Porsche-Panamera-dallas+fort+worth-a416a1390a0e0ae878bdca4ffd7097df.htm ,Panamera 4 RWD,19.0/27.0 mpg City/Hwy,"$103,160",8 speed automatic with auto-shift,Black,Black,RWD/4 seats,rear-wheel,3.0 L 6,LL101845,Porsche - Dallas,WP0AA2A74LL101845,(866) 364-1132
https://www.parkplace.com//new/Porsche/2020-Porsche-911-dallas+fort+worth-cd9b47910a0e0ae84c7f6b0debdf4f86.htm ,911 Carrera Coupe,18.0/24.0 mpg City/Hwy,"$110,880",8 speed automatic with auto-shift,White,Black,Coupe/4 seats,rear-wheel,3.0 L 6,LS205478,Porsche - Dallas,WP0AA2A99LS205478,(866) 364-1132
https://www.parkplace.com//new/Porsche/2020-Porsche-Panamera-dallas+fort+worth-9693ab310a0e0a1776d4d626d6d8b273.htm ,Panamera RWD RWD,19.0/27.0 mpg City/Hwy,"$103,020",8 speed automatic with auto-shift,Black,Black Luxor Beige,RWD/4 seats,rear-wheel,3.0 L 6,LL100076,Porsche - Grapevine,WP0AA2A70LL100076,(833) 470-0671
https://www.parkplace.com//new/Porsche/2020-Porsche-Panamera-dallas+fort+worth-21a79ae40a0e0a6b4a93bfc5d52b61df.htm ,Panamera 4 ,N/A,"$102,090",N/A,Silver,Black,N/A,N/A,6,LL100681,Porsche - Dallas,WP0AA2A76LL100681,(866) 364-1132
https://www.parkplace.com//new/Porsche/2020-Porsche-911-dallas+fort+worth-cd9b46590a0e0ae84c7f6b0d73bdd7e9.htm ,911 Carrera Coupe,18.0/24.0 mpg City/Hwy,"$121,670",8 speed automatic with auto-shift,Blue,Black Red,Coupe/4 seats,rear-wheel,3.0 L 6,LS205711,Porsche - Dallas,WP0AA2A90LS205711,(866) 364-1132
https://www.parkplace.com//new/Porsche/2020-Porsche-Panamera-dallas+fort+worth-b38939900a0e0adf1ea85fd3c5197ad0.htm ,Panamera 4 RWD,19.0/27.0 MPG_CITY_HWY,"$98,640",8 speed automatic with auto-shift,White,Black,RWD/4 SEATS,rear-wheel,3.0 L 6,LL101990,Porsche - Dallas,WP0AA2A72LL101990,(866) 364-1132
https://www.parkplace.com//new/Porsche/2020-Porsche-911-dallas+fort+worth-cd9b446b0a0e0adf1ea85fd3039add89.htm ,911 Carrera Coupe,18.0/24.0 mpg City/Hwy,"$119,880",8 speed automatic with auto-shift,Jet Black Metallic,Black,Coupe/4 seats,rear-wheel,3.0 L 6,LS205253,Porsche - Grapevine,WP0AA2A97LS205253,(833) 470-0671
https://www.parkplace.com//new/Porsche/2020-Porsche-911-dallas+fort+worth-cd9b46fd0a0e0ae84c7f6b0da12637cb.htm ,911 Carrera Coupe,18.0/24.0 mpg City/Hwy,"$120,500",8 speed automatic with auto-shift,Black,Black,Coupe/4 seats,rear-wheel,3.0 L 6,LS205468,Porsche - Dallas,WP0AA2A96LS205468,(866) 364-1132
https://www.parkplace.com//new/Porsche/2020-Porsche-Cayenne-dallas+fort+worth-cd9b480f0a0e0ae84c7f6b0db563b06b.htm ,Cayenne S S AWD,18.0/22.0 mpg City/Hwy,"$119,330",8 speed automatic,Gray,Black Red,S AWD/5 seats,all-wheel drive,2.9 L 6,LDA27706,Porsche - Dallas,WP1AB2AY5LDA27706,(866) 364-1132
https://www.parkplace.com//new/Porsche/2020-Porsche-911-dallas+fort+worth-cd9b47380a0e0ae84c7f6b0d4a2bd01e.htm ,911 Carrera Coupe,18.0/24.0 mpg City/Hwy,"$119,710",8 speed automatic with auto-shift,Red,Black,Coupe/4 seats,rear-wheel,3.0 L 6,LS205222,Porsche - Dallas,WP0AA2A97LS205222,(866) 364-1132
https://www.parkplace.com//new/Porsche/2020-Porsche-911-dallas+fort+worth-cd9b44f30a0e0adf1ea85fd3f878c44b.htm ,911 Carrera Coupe,18.0/24.0 mpg City/Hwy,"$117,470",8 speed automatic with auto-shift,Guards Red,Black,Coupe/4 seats,rear-wheel,3.0 L 6,LS205553,Porsche - Grapevine,WP0AA2A98LS205553,(833) 470-0671
https://www.parkplace.com//new/Porsche/2020-Porsche-911-dallas+fort+worth-cd9b469b0a0e0ae84c7f6b0d1e78683b.htm ,911 Carrera Coupe,18.0/24.0 mpg City/Hwy,"$117,380",8 speed automatic with auto-shift,Gray,Black,Coupe/4 seats,rear-wheel,3.0 L 6,LS205167,Porsche - Dallas,WP0AA2A93LS205167,(866) 364-1132
https://www.parkplace.com//new/Porsche/2020-Porsche-911-dallas+fort+worth-cd9b45d10a0e0adf1ea85fd32cea8a1f.htm ,911 Carrera Coupe,18.0/24.0 mpg City/Hwy,"$117,570",8 speed automatic with auto-shift,White,Bordeaux Red Black,Coupe/4 seats,rear-wheel,3.0 L 6,LS205179,Porsche - Grapevine,WP0AA2A9XLS205179,(833) 470-0671
https://www.parkplace.com//new/Porsche/2020-Porsche-Panamera-dallas+fort+worth-9693ab950a0e0a1776d4d626826dca29.htm ,Panamera RWD RWD,19.0/27.0 mpg City/Hwy,"$113,250",8 speed automatic with auto-shift,White,Black Bordeaux Red,RWD/4 seats,rear-wheel,3.0 L 6,LL100469,Porsche - Grapevine,WP0AA2A78LL100469,(833) 470-0671
https://www.parkplace.com//new/Porsche/2020-Porsche-911-dallas+fort+worth-f1a7ce000a0e0adf1ea85fd3d04cb6e1.htm ,911 Carrera Coupe,18.0/24.0 mpg City/Hwy,"$117,440",8 speed automatic with auto-shift,Gray,Black,Coupe/4 seats,rear-wheel,3.0 L 6,LS205464,Porsche - Dallas,WP0AA2A99LS205464,(866) 364-1132
https://www.parkplace.com//new/Porsche/2020-Porsche-Panamera-dallas+fort+worth-8728f7f20a0e0ae86ad90d28f3923e09.htm ,Panamera 4 ,N/A,"$114,440",N/A,Gray,Black,N/A,N/A,6,LL100472,Porsche - Dallas,WP0AA2A78LL100472,(866) 364-1132
https://www.parkplace.com//new/Porsche/2020-Porsche-911-dallas+fort+worth-44831dab0a0e0a1772e80b101ee4cef0.htm ,911 Carrera S Coupe,18.0/24.0 mpg City/Hwy,"$131,590",8 speed automatic with auto-shift,Silver,Black,Coupe/4 seats,rear-wheel,3.0 L 6,LS226608,Porsche - Dallas,WP0AB2A96LS226608,(866) 364-1132
https://www.parkplace.com//new/Porsche/2020-Porsche-Panamera-dallas+fort+worth-5d4f04120a0e0a6b098e46ab2623d5fd.htm ,Panamera 4S 4S AWD,N/A,"$131,700",Automatic,Blue,Black,4S AWD,N/A,2.9 L 6,LL140266,Porsche - Dallas,WP0AB2A70LL140266,(866) 364-1132
https://www.parkplace.com//new/Porsche/2020-Porsche-911-dallas+fort+worth-8e4c73a10a0e0a6b2bc329d723c84706.htm ,911 Carrera S Coupe,18.0/24.0 mpg City/Hwy,"$132,410",8 speed automatic with auto-shift,Black,Black,Coupe/4 seats,rear-wheel,3.0 L 6,LS227988,Porsche - Dallas,WP0AB2A93LS227988,(866) 364-1132
https://www.parkplace.com//new/Porsche/2020-Porsche-Panamera-dallas+fort+worth-a4169d160a0e0ae71e4d0d97f7e9c276.htm ,Panamera 4S 4S AWD,18.0/26.0 mpg City/Hwy,"$131,120",8 speed automatic with auto-shift,Chalk,Black,4S AWD/4 seats,all-wheel drive,2.9 L 6,LL140370,Porsche - Grapevine,WP0AB2A76LL140370,(833) 470-0671
https://www.parkplace.com//new/Porsche/2020-Porsche-911-dallas+fort+worth-cd9b443d0a0e0adf1ea85fd3457e29c6.htm ,911 Carrera Carrera Cabriolet,N/A,"$130,810",Automatic,Jet Black Metallic,Black,Carrera Cabriolet,N/A,3.0 L 6,LS251073,Porsche - Grapevine,WP0CA2A93LS251073,(833) 470-0671
https://www.parkplace.com//new/Porsche/2020-Porsche-Panamera-dallas+fort+worth-c6a4921a0a0e0a17402ff7e592b94ed4.htm ,Panamera 4 E-Hybrid 4 E-Hybrid AWD,Volcano Grey Metallic,"$130,100",all-wheel drive,Black,4 E-Hybrid AWD/4 seats,8 speed automatic with auto-shift,N/A,2.9 L 6,LL131186,Porsche - Grapevine,WP0AE2A72LL131186,(833) 470-0671
https://www.parkplace.com//new/Porsche/2020-Porsche-Panamera-dallas+fort+worth-c6a4a26e0a0e0a17402ff7e560f0fa3a.htm ,Panamera 4 E-Hybrid 4 E-Hybrid AWD,White,"$126,690",all-wheel drive,Black,4 E-Hybrid AWD/4 seats,8 speed automatic with auto-shift,N/A,2.9 L 6,LL130653,Porsche - Dallas,WP0AE2A72LL130653,(866) 364-1132
https://www.parkplace.com//new/Porsche/2020-Porsche-911-dallas+fort+worth-f1a7cd510a0e0adf1ea85fd3a2023f1c.htm ,911 Carrera Coupe,18.0/24.0 mpg City/Hwy,"$129,980",8 speed automatic with auto-shift,Blue,Blue,Coupe/4 seats,rear-wheel,3.0 L 6,LS205786,Porsche - Dallas,WP0AA2A99LS205786,(866) 364-1132
https://www.parkplace.com//new/Porsche/2020-Porsche-911-dallas+fort+worth-b8e7d5220a0e0a6b4da79abdf526b339.htm ,911 Carrera Carrera Cabriolet,N/A,"$125,170",Automatic,Black,Black,Carrera Cabriolet,N/A,3.0 L 6,LS251146,Porsche - Dallas,WP0CA2A94LS251146,(866) 364-1132
https://www.parkplace.com//new/Porsche/2020-Porsche-911-dallas+fort+worth-cd9b43e50a0e0adf1ea85fd356ba24c4.htm ,911 Carrera Coupe,18.0/24.0 mpg City/Hwy,"$124,870",8 speed automatic with auto-shift,GT Silver Metallic,Black,Coupe/4 seats,rear-wheel,3.0 L 6,LS205265,Porsche - Grapevine,WP0AA2A93LS205265,(833) 470-0671
https://www.parkplace.com//new/Porsche/2020-Porsche-911-dallas+fort+worth-00c949b80a0e0a6b404338b5af75e85d.htm ,911 Carrera Coupe,18.0/24.0 mpg City/Hwy,"$123,990",8 speed automatic with auto-shift,White,Blue,Coupe/4 seats,rear-wheel,3.0 L 6,LS205531,Porsche - Dallas,WP0AA2A99LS205531,(866) 364-1132
https://www.parkplace.com//new/Porsche/2020-Porsche-911-dallas+fort+worth-f65bb91c0a0e0a6b404338b51960c029.htm ,911 Carrera Coupe,18.0/24.0 mpg City/Hwy,"$123,300",8 speed automatic with auto-shift,Lava Orange,Slate Grey,Coupe/4 seats,rear-wheel,3.0 L 6,LS205760,Porsche - Grapevine,WP0AA2A92LS205760,(833) 470-0671
https://www.parkplace.com//new/Porsche/2020-Porsche-911-dallas+fort+worth-54cfbd7e0a0e0a6b739386e729f8d10c.htm ,911 Carrera S Coupe,18.0/24.0 mpg City/Hwy,"$133,550",8 speed automatic with auto-shift,Blue,Black,Coupe/4 seats,rear-wheel,3.0 L 6,LS226744,Porsche - Dallas,WP0AB2A93LS226744,(866) 364-1132
https://www.parkplace.com//new/Porsche/2020-Porsche-Cayenne-dallas+fort+worth-a4169ca90a0e0ae71e4d0d975e30dd87.htm ,Cayenne Turbo Turbo AWD,15.0/19.0 mpg City/Hwy,"$150,230",8 speed automatic,Black,Slate Grey,Turbo AWD/5 seats,all-wheel drive,4.0 L 8,LDA39308,Porsche - Grapevine,WP1AF2AY3LDA39308,(833) 470-0671
https://www.parkplace.com//new/Porsche/2020-Porsche-Cayenne-dallas+fort+worth-cd9b48450a0e0ae84c7f6b0d9ccd4366.htm ,Cayenne Turbo Turbo AWD,15.0/19.0 mpg City/Hwy,"$150,210",8 speed automatic,Blue,Gray,Turbo AWD/5 seats,all-wheel drive,4.0 L 8,LDA39354,Porsche - Dallas,WP1AF2AYXLDA39354,(866) 364-1132
https://www.parkplace.com//new/Porsche/2020-Porsche-Cayenne-dallas+fort+worth-cd9b45a90a0e0adf1ea85fd3b18df632.htm ,Cayenne Turbo Turbo AWD,15.0/19.0 mpg City/Hwy,"$150,210",8 speed automatic,Moonlight Blue Metallic,Slate Grey,Turbo AWD/5 seats,all-wheel drive,4.0 L 8,LDA39374,Porsche - Grapevine,WP1AF2AY5LDA39374,(833) 470-0671
https://www.parkplace.com//new/Porsche/2020-Porsche-911-dallas+fort+worth-287df2490a0e0adf0cb79539421db18c.htm ,911 Carrera S Carrera S Cabriolet,18.0/23.0 mpg City/Hwy,"$146,700",8 speed automatic with auto-shift,Gentian Blue Metallic,Chalk Slate Grey,Carrera S Cabriolet/4 seats,rear-wheel,3.0 L 6,LS263655,Porsche - Grapevine,WP0CB2A91LS263655,(833) 470-0671
https://www.parkplace.com//new/Porsche/2020-Porsche-911-dallas+fort+worth-54cfb4e50a0e0a6b739386e718737a9b.htm ,911 Carrera S Carrera S Cabriolet,18.0/23.0 mpg City/Hwy,"$149,590",8 speed automatic with auto-shift,White,Black,Carrera S Cabriolet/4 seats,rear-wheel,3.0 L 6,LS262923,Porsche - Grapevine,WP0CB2A96LS262923,(833) 470-0671
https://www.parkplace.com//new/Porsche/2020-Porsche-911-dallas+fort+worth-f34826100a0e0adf7e10d7eb95240559.htm ,911 Carrera 4S Coupe,18.0/23.0 mpg City/Hwy,"$148,810",8 speed automatic with auto-shift,Red,Black,Coupe/4 seats,all-wheel drive,3.0 L 6,LS227545,Porsche - Dallas,WP0AB2A92LS227545,(866) 364-1132
https://www.parkplace.com//new/Porsche/2020-Porsche-Panamera-dallas+fort+worth-984c89160a0e0a17402ff7e58b38fe28.htm ,Panamera GTS GTS AWD,16.0/23.0 mpg City/Hwy,"$146,480",8 speed automatic with auto-shift,Blue,Other,GTS AWD/4 seats,all-wheel drive,4.0 L 8,LL145839,Porsche - Dallas,WP0AG2A70LL145839,(866) 364-1132
https://www.parkplace.com//new/Porsche/2020-Porsche-911-dallas+fort+worth-cd9b47f30a0e0ae84c7f6b0deab48f1f.htm ,911 Carrera S Carrera S Cabriolet,18.0/23.0 mpg City/Hwy,"$138,510",8 speed automatic with auto-shift,Black,Black,Carrera S Cabriolet/4 seats,rear-wheel,3.0 L 6,LS263732,Porsche - Dallas,WP0CB2A94LS263732,(866) 364-1132
https://www.parkplace.com//new/Porsche/2020-Porsche-911-dallas+fort+worth-1b0215bf0a0e0aea6cfef0cdbe7554d0.htm ,911 Carrera S Coupe,18.0/24.0 mpg City/Hwy,"$136,600",8 speed automatic with auto-shift,Gray,Black,Coupe/4 seats,rear-wheel,3.0 L 6,LS225801,Porsche - Dallas,WP0AB2A96LS225801,(866) 364-1132
https://www.parkplace.com//new/Porsche/2020-Porsche-Panamera-dallas+fort+worth-749148b60a0e0ae8703b0236794c1339.htm ,Panamera GTS GTS AWD,16.0/23.0 mpg City/Hwy,"$143,200",8 speed automatic with auto-shift,Silver,Black,GTS AWD/4 seats,all-wheel drive,4.0 L 8,LL145844,Porsche - Dallas,WP0AG2A74LL145844,(866) 364-1132
https://www.parkplace.com//new/Porsche/2020-Porsche-911-dallas+fort+worth-21a7a17a0a0e0a6b4a93bfc5404763b0.htm ,911 Carrera S Coupe,18.0/24.0 mpg City/Hwy,"$140,280",8 speed automatic with auto-shift,Gray,Gray,Coupe/4 seats,rear-wheel,3.0 L 6,LS227718,Porsche - Dallas,WP0AB2A97LS227718,(866) 364-1132
https://www.parkplace.com//new/Porsche/2020-Porsche-911-dallas+fort+worth-f65bb9420a0e0a6b404338b5c1b16a66.htm ,911 Carrera 4S Carrera 4S Cabriolet,18.0/23.0 mpg City/Hwy,"$152,430",8 speed automatic with auto-shift,Aventurine Green Metallic,Mojave Beige Black,Carrera 4S Cabriolet/4 seats,all-wheel drive,3.0 L 6,LS263980,Porsche - Grapevine,WP0CB2A91LS263980,(833) 470-0671
https://www.parkplace.com//new/Porsche/2019-Porsche-911-dallas+fort+worth-a53d63130a0e0aea0d1bb2d80a34028b.htm ,911 Turbo S Turbo S Cabriolet,19.0/24.0 mpg City/Hwy,"$213,620",7 speed automatic with auto-shift,Black,Black,Turbo S Cabriolet/4 seats,all-wheel drive,3.8 L 6,KS144818,Porsche - Dallas,WP0CD2A9XKS144818,(866) 364-1132
https://www.parkplace.com//new/Porsche/2020-Porsche-Taycan-dallas+fort+worth-cd9b43b30a0e0adf1ea85fd39d175378.htm ,Taycan Turbo S Sedan,68.0/71.0 mpg City/Hwy,"$206,950",2 speed automatic,Volcano Grey Metallic,Black,Sedan/4 seats,all-wheel drive,0.0,LSA70345,Porsche - Grapevine,WP0AC2Y18LSA70345,(833) 470-0671
https://www.parkplace.com//new/Porsche/2020-Porsche-Panamera-dallas+fort+worth-6f195eaf0a0e0ae74d6d6b15cfc5b08b.htm ,Panamera Turbo Turbo AWD,18.0/25.0 mpg City/Hwy,"$187,850",8 speed automatic with auto-shift,White,Black,Turbo AWD/4 seats,all-wheel drive,4.0 L 8,LL150046,Porsche - Dallas,WP0AF2A78LL150046,(866) 364-1132
https://www.parkplace.com//new/Porsche/2020-Porsche-911-dallas+fort+worth-40c0a6ff0a0e0ae72ecdc2d0ab17bd4b.htm ,911 Carrera 4S Carrera 4S Cabriolet,18.0/23.0 mpg City/Hwy,"$164,320",8 speed automatic with auto-shift,Agate Grey Metallic,Slate Grey,Carrera 4S Cabriolet/4 seats,all-wheel drive,3.0 L 6,LS263327,Porsche - Grapevine,WP0CB2A96LS263327,(833) 470-0671
https://www.parkplace.com//new/Porsche/2019-Porsche-911-dallas+fort+worth-a53d664b0a0e0aea0d1bb2d8b9667f6c.htm ,911 Carrera GTS Carrera GTS Cabriolet,18.0/26.0 mpg City/Hwy,"$157,840",7 speed manual,White,Black,Carrera GTS Cabriolet/4 seats,rear-wheel,3.0 L 6,KS136769,Porsche - Dallas,WP0CB2A98KS136769,(866) 364-1132
https://www.parkplace.com//new/Porsche/2020-Porsche-911-dallas+fort+worth-fa249fb90a0e0a6b432030c04e95e9af.htm ,911 Carrera 4S Coupe,18.0/23.0 mpg City/Hwy,"$165,360",8 speed automatic with auto-shift,Chalk,Black,Coupe/4 seats,all-wheel drive,3.0 L 6,LS226638,Porsche - Dallas,WP0AB2A94LS226638,(866) 364-1132
https://www.parkplace.com//new/Porsche/2020-Porsche-911-dallas+fort+worth-13e643b40a0e0adf06adc20e7b1292ac.htm ,911 Carrera S Carrera S Cabriolet,18.0/23.0 mpg City/Hwy,"$156,910",8 speed automatic with auto-shift,White,Black Bordeaux,Carrera S Cabriolet/4 seats,rear-wheel,3.0 L 6,LS262853,Porsche - Dallas,WP0CB2A90LS262853,(866) 364-1132
https://www.parkplace.com//new/Porsche/2020-Porsche-911-dallas+fort+worth-1b02162a0a0e0aea6cfef0cdccd4c873.htm ,911 Carrera 4S Carrera 4S Cabriolet,18.0/23.0 mpg City/Hwy,"$156,600",8 speed automatic with auto-shift,Silver,Black,Carrera 4S Cabriolet/4 seats,all-wheel drive,3.0 L 6,LS262643,Porsche - Dallas,WP0CB2A90LS262643,(866) 364-1132
https://www.parkplace.com//new/Porsche/2020-Porsche-911-dallas+fort+worth-287e17200a0e0ae71e4d0d978cd1f4f5.htm ,911 Carrera 4S Coupe,18.0/23.0 mpg City/Hwy,"$155,240",8 speed automatic with auto-shift,Silver,Brown,Coupe/4 seats,all-wheel drive,3.0 L 6,LS228210,Porsche - Dallas,WP0AB2A99LS228210,(866) 364-1132
https://www.parkplace.com//new/Porsche/2020-Porsche-911-dallas+fort+worth-b389178f0a0e0ae71e4d0d97c76171a2.htm ,911 Carrera 4S Carrera 4S Cabriolet,18.0/23.0 mpg City/Hwy,"$164,810",8 speed automatic with auto-shift,Lava Orange,Chalk Slate Grey,Carrera 4S Cabriolet/4 seats,all-wheel drive,3.0 L 6,LS263718,Porsche - Grapevine,WP0CB2A9XLS263718,(833) 470-0671
https://www.parkplace.com//new/Porsche/2019-Porsche-911-dallas+fort+worth-cbcaee780a0e0a17402ff7e533321f34.htm ,911 Turbo S Coupe,19.0/24.0 mpg City/Hwy,"$215,910",7 speed automatic with auto-shift,Black,Black,Coupe/4 seats,all-wheel drive,3.8 L 6,KS140882,Porsche - Dallas,WP0AD2A90KS140882,(866) 364-1132
https://www.parkplace.com//new/Porsche/2019-Porsche-911-dallas+fort+worth-a53d4f8a0a0e0aea0d1bb2d8d6ed3c44.htm ,911 Carrera 4 GTS Coupe,18.0/26.0 mpg City/Hwy,"$152,950",7 speed manual,Black,Black,Coupe/4 seats,all-wheel drive,3.0 L 6,KS115575,Porsche - Dallas,WP0AB2A91KS115575,(866) 364-1132
https://www.parkplace.com//new/Porsche/2020-Porsche-Macan-dallas+fort+worth-cbcaecc40a0e0a17402ff7e528469d9d.htm ,Macan S S AWD,18.0/23.0 mpg City/Hwy,"$105,440",7 speed automatic with auto-shift,Custom Color,Gray,S AWD/5 seats,all-wheel drive,3.0 L 6,LLB34084,Porsche - Dallas,WP1AB2A51LLB34084,(866) 364-1132
https://www.parkplace.com//new/Porsche/2019-Porsche-Cayenne-dallas+fort+worth-a53d524c0a0e0aea0d1bb2d86c167036.htm ,Cayenne S S AWD,18.0/23.0 mpg City/Hwy,"$104,280",8 speed automatic,Blue,Black,S AWD/5 seats,all-wheel drive,2.9 L 6,KDA61186,Porsche - Dallas,WP1AB2AY1KDA61186,(866) 364-1132
https://www.parkplace.com//new/Porsche/2020-Porsche-Panamera-dallas+fort+worth-6b700c290a0e0a171983e9bded5acf9d.htm ,Panamera 4 RWD,19.0/27.0 mpg City/Hwy,"$103,160",Automatic,Blue,Black,RWD,N/A,3.0 L 6,LL101865,Porsche - Dallas,WP0AA2A7XLL101865,(866) 364-1132
https://www.parkplace.com//new/Porsche/2020-Porsche-Cayenne-dallas+fort+worth-34d40d930a0e0ae75e00143fed21e169.htm ,Cayenne  AWD,19.0/23.0 mpg City/Hwy,"$84,500",8 speed automatic,Black,Black,AWD/5 seats,all-wheel drive,3.0 L 6,LDA04756,Porsche - Dallas,WP1AA2AY0LDA04756,(866) 364-1132
https://www.parkplace.com//new/Porsche/2020-Porsche-Cayenne-dallas+fort+worth-24d6b6860a0e0ae75e00143f408923aa.htm ,Cayenne  AWD,19.0/23.0 mpg City/Hwy,"$89,290",8 speed automatic,White,Black,AWD/5 seats,all-wheel drive,3.0 L 6,LDA04650,Porsche - Dallas,WP1AA2AY6LDA04650,(866) 364-1132
https://www.parkplace.com//new/Porsche/2020-Porsche-Cayenne-dallas+fort+worth-24d6b75c0a0e0ae75e00143f72a699d8.htm ,Cayenne  AWD,19.0/23.0 mpg City/Hwy,"$83,070",8 speed automatic,Silver,Black,AWD/5 seats,all-wheel drive,3.0 L 6,LDA04450,Porsche - Dallas,WP1AA2AY9LDA04450,(866) 364-1132
https://www.parkplace.com//new/Porsche/2019-Porsche-Cayenne-dallas+fort+worth-fa24a3aa0a0e0adf4c7009214fc0fa00.htm ,Cayenne  AWD,19.0/23.0 mpg City/Hwy,"$78,970",8 speed automatic,Gray,Other,AWD/5 seats,all-wheel drive,3.0 L 6,KDA17772,Porsche - Dallas,WP1AA2AYXKDA17772,(866) 364-1132
https://www.parkplace.com//new/Porsche/2020-Porsche-Cayenne-dallas+fort+worth-24d6b81b0a0e0ae75e00143f4dc04393.htm ,Cayenne  AWD,19.0/23.0 mpg City/Hwy,"$82,430",8 speed automatic,Blue,Black,AWD/5 seats,all-wheel drive,3.0 L 6,LDA04745,Porsche - Dallas,WP1AA2AY6LDA04745,(866) 364-1132
https://www.parkplace.com//new/Porsche/2020-Porsche-Cayenne-dallas+fort+worth-24d6c28c0a0e0ae75e00143f8c28361b.htm ,Cayenne S S AWD,18.0/22.0 mpg City/Hwy,"$109,070",8 speed automatic,Gray,Black,S AWD/5 seats,all-wheel drive,2.9 L 6,LDA27908,Porsche - Dallas,WP1AB2AY6LDA27908,(866) 364-1132
https://www.parkplace.com//new/Porsche/2019-Porsche-Cayenne-dallas+fort+worth-74a819db0a0e0ae8703b02367d5ac192.htm ,Cayenne  AWD,19.0/23.0 mpg City/Hwy,"$73,650",8 speed automatic,Quartzite Metallic,Black,AWD/5 seats,all-wheel drive,3.0 L 6,KDA15976,Porsche - Grapevine,WP1AA2AY5KDA15976,(833) 470-0671
https://www.parkplace.com//new/Porsche/2020-Porsche-Macan-dallas+fort+worth-396ee0b50a0e0a1748f01f4246ef8385.htm ,Macan  AWD,19.0/23.0 mpg City/Hwy,"$70,650",7 speed automatic with auto-shift,Black,Black Beige,AWD/5 seats,all-wheel drive,2.0 L 4,LLB04854,Porsche - Dallas,WP1AA2A52LLB04854,(866) 364-1132
https://www.parkplace.com//new/Porsche/2020-Porsche-Macan-dallas+fort+worth-f1a7cc4c0a0e0adf1ea85fd3898a3a64.htm ,Macan  AWD,19.0/23.0 mpg City/Hwy,"$71,090",7 speed automatic with auto-shift,Dolomite Silver Metallic,Black,AWD/5 seats,all-wheel drive,2.0 L 4,LLB04876,Porsche - Grapevine,WP1AA2A51LLB04876,(833) 470-0671
https://www.parkplace.com//new/Porsche/2020-Porsche-Taycan-dallas+fort+worth-cd9b47b40a0e0ae84c7f6b0dc4d63488.htm ,Taycan Turbo S Sedan,68.0/71.0 mpg City/Hwy,"$203,360",Automatic,Blue,Black Grey,Sedan,N/A,0.0,LSA70454,Porsche - Dallas,WP0AC2Y12LSA70454,(866) 364-1132
https://www.parkplace.com//new/Porsche/2020-Porsche-911-dallas+fort+worth-fba2f5850a0e0ae71e4d0d97282c2a05.htm ,911 Carrera S Coupe,18.0/24.0 mpg City/Hwy,"$138,590",8 speed automatic with auto-shift,Black,Black,Coupe/4 seats,rear-wheel,3.0 L 6,LS228653,Porsche - Dallas,WP0AB2A9XLS228653,(866) 364-1132
https://www.parkplace.com//new/Porsche/2020-Porsche-Panamera-dallas+fort+worth-396ee08e0a0e0a1748f01f42e6f6f9e3.htm ,Panamera 4S 4S AWD,18.0/26.0 mpg City/Hwy,"$135,630",Automatic,Gray,Black,4S AWD,N/A,2.9 L 6,LL140452,Porsche - Dallas,WP0AB2A78LL140452,(866) 364-1132
https://www.parkplace.com//new/Porsche/2020-Porsche-Cayenne-dallas+fort+worth-24d6b7030a0e0ae75e00143fe3405d80.htm ,Cayenne S S AWD,18.0/22.0 mpg City/Hwy,"$122,170",8 speed automatic,Chalk,Black,S AWD/5 seats,all-wheel drive,2.9 L 6,LDA27881,Porsche - Dallas,WP1AB2AY1LDA27881,(866) 364-1132
https://www.parkplace.com//new/Porsche/2020-Porsche-Cayenne-dallas+fort+worth-396ee1fb0a0e0ae751ac8c4c2a1bac20.htm ,Cayenne Turbo Turbo AWD,15.0/19.0 mpg City/Hwy,"$146,070",8 speed automatic,Black,Black Mojave Beige,Turbo AWD/5 seats,all-wheel drive,4.0 L 8,LDA39440,Porsche - Grapevine,WP1AF2AY3LDA39440,(833) 470-0671
https://www.parkplace.com//new/Porsche/2020-Porsche-911-dallas+fort+worth-24d6b85b0a0e0ae75e00143faedfda22.htm ,911 Carrera Coupe,18.0/24.0 mpg City/Hwy,"$114,240",8 speed automatic with auto-shift,Blue,Brown,Coupe/4 seats,rear-wheel,3.0 L 6,LS205990,Porsche - Dallas,WP0AA2A98LS205990,(866) 364-1132
